{
  "norm_stats": {
    "state": {
      "mean": [
        0.10560508072376251
      ],
      "std": [
        0.016177915036678314
      ],
      "q01": [
        0.0687495620250702
      ],
      "q99": [
        0.1195627002120018
      ]
    },
    "actions": {
      "mean": [
        0.00012440634600352496,
        -0.0001912957668537274,
        -0.00013383592886384577,
        0.9629729390144348,
        0.0005680141039192677,
        -0.00012439543206710368,
        -0.000547989911865443,
        0.9629828929901123,
        -0.00021439598640426993,
        0.10131005197763443
      ],
      "std": [
        0.004834919702261686,
        0.0038484036922454834,
        0.004460610914975405,
        0.18850676715373993,
        0.00993544701486826,
        0.011994761414825916,
        0.00994549784809351,
        0.1885039210319519,
        0.011202607303857803,
        0.025500226765871048
      ],
      "q01": [
        -0.012147547170519829,
        -0.012499086221307517,
        -0.012566888749599457,
        0.0,
        -0.02757547867298127,
        -0.03485995104312897,
        -0.02912235994935035,
        0.0,
        -0.03248374074697494,
        0.0
      ],
      "q99": [
        0.014437667708098886,
        0.009372704154998059,
        0.012479835700988769,
        0.9998,
        0.02899576556682587,
        0.032311377501487715,
        0.02744300363361836,
        0.9998001191854478,
        0.031841150790452966,
        0.11953982952982187
      ]
    }
  }
}